{
  "results": {
    "tinyGSM8k": {
      "alias": "tinyGSM8k",
      "exact_match,strict-match": 0.6537992269170307,
      "exact_match_stderr,strict-match": "N/A",
      "exact_match,flexible-extract": 0.7958397964712597,
      "exact_match_stderr,flexible-extract": "N/A"
    }
  },
  "group_subtasks": {
    "tinyGSM8k": []
  },
  "configs": {
    "tinyGSM8k": {
      "task": "tinyGSM8k",
      "dataset_path": "tinyBenchmarks/tinyGSM8k",
      "dataset_name": "main",
      "training_split": "train",
      "test_split": "test",
      "fewshot_split": "train",
      "doc_to_text": "Question: {{question}}\nAnswer:",
      "doc_to_target": "{{answer}}",
      "unsafe_code": false,
      "description": "",
      "target_delimiter": " ",
      "fewshot_delimiter": "\n\n",
      "num_fewshot": 4,
      "metric_list": [
        {
          "metric": "exact_match",
          "aggregation": "def agg_gpirt_gsm8k(items: List[float], benchmark: str = \"gsm8k\") -> float:\n    items = np.array(items)\n    predictions = tb.evaluate(items, benchmark)\n    return predictions[benchmark][\"gpirt\"]\n",
          "higher_is_better": true,
          "ignore_case": true,
          "ignore_punctuation": false,
          "regexes_to_ignore": [
            ",",
            "\\$",
            "(?s).*#### ",
            "\\.$"
          ]
        }
      ],
      "output_type": "generate_until",
      "generation_kwargs": {
        "until": [
          "Question:",
          "</s>",
          "<|im_end|>"
        ],
        "do_sample": false,
        "temperature": 0.0
      },
      "repeats": 1,
      "filter_list": [
        {
          "name": "strict-match",
          "filter": [
            {
              "function": "regex",
              "regex_pattern": "#### (\\-?[0-9\\.\\,]+)"
            },
            {
              "function": "take_first"
            }
          ]
        },
        {
          "name": "flexible-extract",
          "filter": [
            {
              "function": "regex",
              "group_select": -1,
              "regex_pattern": "(-?[$0-9.,]{2,})|(-?[0-9]+)"
            },
            {
              "function": "take_first"
            }
          ]
        }
      ],
      "should_decontaminate": false,
      "metadata": {
        "version": 0.0,
        "pretrained": "GSAI-ML/LLaDA-8B-Instruct",
        "trust_remote_code": true
      }
    }
  },
  "versions": {
    "tinyGSM8k": 0.0
  },
  "n-shot": {
    "tinyGSM8k": 4
  },
  "higher_is_better": {
    "tinyGSM8k": {
      "exact_match": true
    }
  },
  "n-samples": {
    "tinyGSM8k": {
      "original": 100,
      "effective": 100
    }
  },
  "config": {
    "model": "hf",
    "model_args": {
      "pretrained": "GSAI-ML/LLaDA-8B-Instruct",
      "trust_remote_code": true
    },
    "model_num_parameters": 8015581184,
    "model_dtype": "torch.bfloat16",
    "model_revision": "main",
    "model_sha": "9275bf8f5a5687507189baf4657e91c51b2be338",
    "batch_size": 1,
    "batch_sizes": [],
    "device": null,
    "use_cache": null,
    "limit": null,
    "bootstrap_iters": 100000,
    "gen_kwargs": null,
    "random_seed": 0,
    "numpy_seed": 1234,
    "torch_seed": 1234,
    "fewshot_seed": 1234
  },
  "git_hash": "5a9d5ba",
  "date": 1743121788.2047539,
  "pretty_env_info": "PyTorch version: 2.5.1\nIs debug build: False\nCUDA used to build PyTorch: 12.4\nROCM used to build PyTorch: N/A\n\nOS: Ubuntu 24.04.2 LTS (x86_64)\nGCC version: (Ubuntu 13.3.0-6ubuntu2~24.04) 13.3.0\nClang version: Could not collect\nCMake version: Could not collect\nLibc version: glibc-2.39\n\nPython version: 3.12.7 | packaged by Anaconda, Inc. | (main, Oct  4 2024, 13:27:36) [GCC 11.2.0] (64-bit runtime)\nPython platform: Linux-6.8.0-56-generic-x86_64-with-glibc2.39\nIs CUDA available: True\nCUDA runtime version: 12.6.85\nCUDA_MODULE_LOADING set to: LAZY\nGPU models and configuration: GPU 0: NVIDIA H100 80GB HBM3\nNvidia driver version: 565.57.01\ncuDNN version: Probably one of the following:\n/usr/lib/x86_64-linux-gnu/libcudnn.so.9.8.0\n/usr/lib/x86_64-linux-gnu/libcudnn_adv.so.9.8.0\n/usr/lib/x86_64-linux-gnu/libcudnn_cnn.so.9.8.0\n/usr/lib/x86_64-linux-gnu/libcudnn_engines_precompiled.so.9.8.0\n/usr/lib/x86_64-linux-gnu/libcudnn_engines_runtime_compiled.so.9.8.0\n/usr/lib/x86_64-linux-gnu/libcudnn_graph.so.9.8.0\n/usr/lib/x86_64-linux-gnu/libcudnn_heuristic.so.9.8.0\n/usr/lib/x86_64-linux-gnu/libcudnn_ops.so.9.8.0\nHIP runtime version: N/A\nMIOpen runtime version: N/A\nIs XNNPACK available: True\n\nCPU:\nArchitecture:                         x86_64\nCPU op-mode(s):                       32-bit, 64-bit\nAddress sizes:                        46 bits physical, 57 bits virtual\nByte Order:                           Little Endian\nCPU(s):                               26\nOn-line CPU(s) list:                  0-25\nVendor ID:                            GenuineIntel\nModel name:                           Intel(R) Xeon(R) Platinum 8470\nCPU family:                           6\nModel:                                143\nThread(s) per core:                   2\nCore(s) per socket:                   13\nSocket(s):                            1\nStepping:                             8\nBogoMIPS:                             3999.89\nFlags:                                fpu vme de pse tsc msr pae mce cx8 apic sep mtrr pge mca cmov pat pse36 clflush mmx fxsr sse sse2 ss ht syscall nx pdpe1gb rdtscp lm constant_tsc arch_perfmon rep_good nopl xtopology cpuid pni pclmulqdq vmx ssse3 fma cx16 pdcm pcid sse4_1 sse4_2 x2apic movbe popcnt tsc_deadline_timer aes xsave avx f16c rdrand hypervisor lahf_lm abm 3dnowprefetch topoext cpuid_fault ssbd ibrs ibpb stibp ibrs_enhanced tpr_shadow flexpriority ept vpid ept_ad fsgsbase tsc_adjust bmi1 avx2 smep bmi2 erms invpcid avx512f avx512dq rdseed adx smap avx512ifma clflushopt clwb avx512cd sha_ni avx512bw avx512vl xsaveopt xsavec xgetbv1 xsaves avx_vnni avx512_bf16 wbnoinvd arat vnmi avx512vbmi umip pku ospke waitpkg avx512_vbmi2 gfni vaes vpclmulqdq avx512_vnni avx512_bitalg avx512_vpopcntdq la57 rdpid bus_lock_detect cldemote movdiri movdir64b fsrm md_clear serialize tsxldtrk avx512_fp16 arch_capabilities\nVirtualization:                       VT-x\nL1d cache:                            832 KiB (26 instances)\nL1i cache:                            832 KiB (26 instances)\nL2 cache:                             52 MiB (13 instances)\nL3 cache:                             16 MiB (1 instance)\nNUMA node(s):                         1\nNUMA node0 CPU(s):                    0-25\nVulnerability Gather data sampling:   Not affected\nVulnerability Itlb multihit:          Not affected\nVulnerability L1tf:                   Not affected\nVulnerability Mds:                    Not affected\nVulnerability Meltdown:               Not affected\nVulnerability Mmio stale data:        Unknown: No mitigations\nVulnerability Reg file data sampling: Not affected\nVulnerability Retbleed:               Not affected\nVulnerability Spec rstack overflow:   Not affected\nVulnerability Spec store bypass:      Mitigation; Speculative Store Bypass disabled via prctl\nVulnerability Spectre v1:             Mitigation; usercopy/swapgs barriers and __user pointer sanitization\nVulnerability Spectre v2:             Mitigation; Enhanced / Automatic IBRS; IBPB conditional; RSB filling; PBRSB-eIBRS SW sequence; BHI SW loop, KVM SW loop\nVulnerability Srbds:                  Not affected\nVulnerability Tsx async abort:        Mitigation; TSX disabled\n\nVersions of relevant libraries:\n[pip3] flake8==7.0.0\n[pip3] mypy==1.11.2\n[pip3] mypy-extensions==1.0.0\n[pip3] numpy==1.26.4\n[pip3] numpydoc==1.7.0\n[pip3] optree==0.13.1\n[pip3] torch==2.5.1\n[pip3] torchaudio==2.5.1\n[pip3] torchvision==0.20.1\n[pip3] triton==3.1.0\n[conda] _anaconda_depends         2024.10             py312_mkl_0  \n[conda] blas                      1.0                         mkl  \n[conda] ffmpeg                    4.3                  hf484d3e_0    pytorch\n[conda] libjpeg-turbo             2.0.0                h9bf148f_0    pytorch\n[conda] mkl                       2023.1.0         h213fc3f_46344  \n[conda] mkl-service               2.4.0           py312h5eee18b_1  \n[conda] mkl_fft                   1.3.10          py312h5eee18b_0  \n[conda] mkl_random                1.2.7           py312h526ad5a_0  \n[conda] numpy                     1.26.4          py312hc5e2394_0  \n[conda] numpy-base                1.26.4          py312h0da6c21_0  \n[conda] numpydoc                  1.7.0           py312h06a4308_0  \n[conda] optree                    0.13.1                   pypi_0    pypi\n[conda] pytorch                   2.5.1           py3.12_cuda12.4_cudnn9.1.0_0    pytorch\n[conda] pytorch-cuda              12.4                 hc786d27_7    pytorch\n[conda] pytorch-mutex             1.0                        cuda    pytorch\n[conda] torchaudio                2.5.1               py312_cu124    pytorch\n[conda] torchtriton               3.1.0                     py312    pytorch\n[conda] torchvision               0.20.1              py312_cu124    pytorch",
  "transformers_version": "4.50.2",
  "lm_eval_version": "0.4.8",
  "upper_git_hash": null,
  "tokenizer_pad_token": [
    "<|endoftext|>",
    "126081"
  ],
  "tokenizer_eos_token": [
    "<|endoftext|>",
    "126081"
  ],
  "tokenizer_bos_token": [
    "<|startoftext|>",
    "126080"
  ],
  "eot_token_id": 126081,
  "max_length": 2048,
  "task_hashes": {},
  "model_source": "hf",
  "model_name": "",
  "model_name_sanitized": "",
  "system_instruction": null,
  "system_instruction_sha": null,
  "fewshot_as_multiturn": false,
  "chat_template": null,
  "chat_template_sha": null,
  "start_time": 110009.809486662,
  "end_time": 111242.711186698,
  "total_evaluation_time_seconds": "1232.9017000360036"
}